,dddd1.drugs.i.,dddd1.a,dddd2.a,dddd3.a,dddd4.a,dddd5.a,dddd6.a,dddd7.a,dddd8.a,dddd9.a,dddd10.a,,
1,X1,0.133075796,0.257525202,0.103202352,0.201299387,0.518034937,0.334115862,0.120348718,0.301056458,0.378773934,-0.05445523,0.229297742,0.494685491
2,X1001,0.492511613,0.384909914,0.597265505,0.459719626,0.435043726,0.212320343,0.283183421,0.319927709,0.188320228,0.439771105,0.381297319,
3,X1003,0.612452551,0.523922846,0.426786437,0.456096215,0.376674129,0.509446808,0.482016132,0.404925714,0.561701993,0.530128199,0.488415102,
4,X1004,0.564827095,0.633517849,0.622256233,0.511076658,0.580330454,0.583552034,0.653504587,0.677481947,0.565992226,0.64288073,0.603541981,
5,X1005,0.254471848,0.358105551,0.453516514,0.468651938,0.511876484,0.408285673,0.473737435,0.383759573,0.492587813,0.393379622,0.419837245,
6,X1006,0.550317919,0.445340138,0.427559216,0.418300635,0.461070601,0.489881727,0.403664889,0.660008859,0.312532748,0.396368247,0.456504498,
7,X1007,0.612020177,0.502486928,0.68524518,0.494254405,0.381854915,0.347462954,0.405920631,0.364667113,0.513498205,0.374257543,0.468166805,
8,X1008,0.404428573,0.31678009,0.472117936,0.427363747,0.414905368,0.461462054,0.3971341,0.475787328,0.617140373,0.371998861,0.435911843,
9,X1009,0.504959973,0.432313017,0.286343397,0.593517731,0.241641435,0.43178271,0.358649303,0.377993441,0.457036113,0.555979239,0.424021636,
10,X1010,0.288106055,0.392850747,0.299107608,0.158964619,0.35348888,0.008244252,0.275549491,0.384945323,0.196530063,0.230955886,0.258874292,
11,X1011,0.404135238,0.392766662,0.190746483,0.233774079,0.482070846,0.120048192,0.309232693,0.265151776,0.230066641,0.434337142,0.306232975,
12,X1012,0.562959474,0.391361533,0.638509103,0.496726568,0.30608954,0.467655018,0.592363732,0.410278451,0.479289146,0.588333869,0.493356643,
13,X1013,0.524490806,0.590326644,0.391061238,0.583842558,0.364570658,0.646307672,0.39922986,0.420596469,0.633571713,0.440805783,0.49948034,
14,X1014,0.108927328,-0.149586689,0.172669938,0.125787388,-0.05341838,0.08983498,0.174377787,0.068582412,-0.0060238,-0.160087881,0.037106308,
15,X1015,0.166181907,0.162818344,0.246648557,0.272245713,0.281862127,0.205323036,0.10856335,0.340529686,0.110370499,0.180215849,0.207475907,
16,X1016,0.216698845,0.534122801,0.146363092,0.355690232,0.558136196,0.365354151,0.525271555,0.385827802,0.397278295,0.383929429,0.38686724,
17,X1017,0.424122947,0.34205798,0.517684414,0.32721823,0.483230915,0.406549659,0.468103196,0.367112102,0.353902042,0.367574696,0.405755618,
18,X1018,0.248617002,0.383294853,0.387716608,0.461301207,0.365293155,0.507925159,0.635629675,0.402785104,0.447119766,0.475404284,0.431508681,
19,X1019,0.49694706,0.634705311,0.558421943,0.686272,0.442865956,0.536637257,0.601894306,0.521554648,0.505696463,0.513148687,0.549814363,
20,X1020,0.53702092,0.35516973,0.523811792,0.275068776,0.321462834,0.424137093,0.414112748,0.393362865,0.186050934,0.335597206,0.37657949,
21,X1021,0.43039911,0.599682459,0.468716776,0.412736634,0.439807988,0.472005007,0.361098576,0.329114668,0.528173213,0.453387171,0.44951216,
22,X1022,0.545061258,0.713980713,0.625407254,0.536154425,0.568018278,0.695504715,0.607489534,0.633049749,0.446923785,0.544511198,0.591610091,
23,X1023,0.30751071,0.206183122,0.075575296,0.413107808,0.159800505,0.107666623,0.213034152,0.278827759,0.146938603,0.38094156,0.228958614,
24,X1024,0.356660587,0.329748223,0.545633651,0.316517805,0.34069617,0.396695959,0.502175246,0.269715465,0.233811597,0.414895661,0.370655036,
25,X1025,0.246143645,0.319290833,0.385698749,0.235124803,0.384193451,0.302381675,0.159485766,0.472429315,0.100972698,0.416837548,0.302255848,
26,X1026,0.320629282,0.301001618,0.164699774,0.251311652,0.07532377,0.252825614,0.244209502,0.209031376,0.173754795,0.09278415,0.208557153,
27,X1028,0.234658653,0.426817824,0.289138218,0.465503653,0.503314689,0.374162958,0.39749498,0.44455103,0.52967959,0.425504508,0.40908261,
28,X1029,0.170512678,0.187258675,0.258548735,0.240073335,0.183469475,0.165619595,0.373911025,0.217837676,0.297610881,0.292666822,0.23875089,
29,X1030,0.456836651,0.508951734,0.54006505,0.526612721,0.390565851,0.32508226,0.346199557,0.509356741,0.578711975,0.427721238,0.461010378,
30,X1031,0.184794902,0.359311109,0.424623999,0.271790812,0.37035702,0.406514978,0.433369604,0.436858336,0.376589251,0.200017347,0.346422736,
31,X1032,-0.141986935,0.146371623,0.185220274,0.158276316,0.177871313,-0.046013676,0.009012639,0.115940403,-0.016623551,0.225868653,0.081393706,
32,X1033,0.474564353,0.543120039,0.592290033,0.324320608,0.414999255,0.363722415,0.36760894,0.398794532,0.44665856,0.352655725,0.427873446,
33,X1036,0.509791958,0.378916287,0.509140808,0.430155702,0.259702023,0.29082169,0.402377336,0.488206739,0.257953225,0.429560392,0.395662616,
34,X1037,0.525350107,0.609688267,0.526769645,0.497419962,0.461107781,0.420202416,0.548661555,0.560036834,0.591135474,0.553048995,0.529342104,
35,X1038,0.468411424,0.556513019,0.619580444,0.501768337,0.622768833,0.516573516,0.492857438,0.503952,0.45752246,0.422000585,0.516194806,
36,X1039,0.281903162,0.404752212,0.304524501,0.311699907,0.582767779,0.442405585,0.53010874,0.49086491,0.434410279,0.454069449,0.423750653,
37,X104,0.593254106,0.692552662,0.454186453,0.408654198,0.568818435,0.627020702,0.539951138,0.481812782,0.460092726,0.479344152,0.530568736,
38,X1042,0.257854127,0.263452102,0.304732912,0.252301139,0.289722375,0.352980941,0.398597082,0.549118842,0.290019616,0.458841466,0.34176206,
39,X1043,0.381709705,0.367939412,0.358042084,0.22160825,0.365999677,0.395011492,0.300370628,0.337221808,-0.050461456,0.434415456,0.311185706,
40,X1046,0.365864866,0.304450059,0.486060162,0.511458697,0.416052536,0.508004762,0.339064417,0.42839009,0.251806245,0.328570606,0.393972244,
41,X1047,0.599542951,0.448408643,0.309727393,0.467714346,0.386410737,0.557054505,0.403657694,0.551313286,0.424354332,0.497992987,0.464617687,
42,X1049,0.36224878,0.265263811,0.339434188,0.287290815,0.305375434,0.396170177,0.533577453,0.463827863,0.298748754,0.433549751,0.368548703,
43,X1050,0.496206351,0.534072815,0.52390476,0.521169501,0.59797509,0.5005611,0.605019922,0.476886927,0.497551305,0.6813983,0.543474607,
44,X1052,0.595451229,0.341603526,0.566331406,0.405664388,0.423338601,0.346579099,0.438459208,0.284471034,0.457699418,0.227723461,0.408732137,
45,X1053,0.094866355,0.219228773,0.371906436,0.275309336,0.426493676,0.037683869,0.195857802,0.422542234,0.231731158,0.147063583,0.242268322,
46,X1054,0.5287604,0.376135579,0.324938601,0.378355959,0.45580231,0.30148362,0.407332212,0.371430456,0.42568541,0.373649545,0.394357409,
47,X1057,0.483263765,0.543498077,0.381298701,0.53990016,0.547786417,0.469324133,0.568195528,0.615744428,0.483440018,0.510386857,0.514283808,
48,X1058,0.36652963,0.360137008,0.185929108,0.378581066,0.342978665,0.510176526,0.452015756,0.233514591,0.435873265,0.363235814,0.362897143,
49,X1059,0.525526103,0.520461403,0.54670652,0.569453638,0.573886551,0.349009776,0.574441989,0.485669724,0.526650664,0.378424499,0.505023087,
50,X106,0.267083759,0.697732933,0.215486438,0.581445849,0.602934616,0.617162093,0.603115464,0.30600084,0.569055173,0.573418931,0.50334361,
51,X1060,0.396853928,0.395336532,0.242740846,0.264799817,0.153010653,0.257562722,0.17331937,0.249151779,0.165570047,0.154098321,0.245244402,
52,X1061,0.380993774,0.475075425,0.290217984,0.242723307,0.337482023,0.540914175,0.212034911,0.291082219,0.259287407,0.379326194,0.340913742,
53,X1062,0.252839673,0.083932914,0.384091592,0.343133121,0.394075414,0.312218632,0.358412753,0.262625718,0.301512216,0.175473784,0.286831582,
54,X1066,0.207005008,0.331210181,0.288822874,0.341736547,0.25567109,0.323529735,0.321084014,0.368854769,0.17199151,0.225460927,0.283536665,
55,X1067,0.218952239,0.064333047,0.220332377,0.25851982,0.183605102,0.243025718,0.239538006,0.161230599,0.055469114,0.244913012,0.188991903,
56,X1069,0.242836632,0.345999028,0.241505931,0.415721966,0.488585138,0.291986515,0.242583389,0.401995713,0.210133813,0.278014532,0.315936266,
57,X1072,0.151423756,0.360658654,0.312260582,0.287245476,0.212134008,0.2924786,0.317121869,0.207478067,0.276977073,0.441541988,0.285932007,
58,X1091,0.294872905,0.215230599,0.236023036,0.289128087,0.189462117,0.245997537,0.341527945,0.086846629,0.119424694,-0.077295274,0.194121828,
59,X11,0.687258257,0.752544474,0.816872961,0.829981593,0.804373218,0.794218574,0.646605053,0.754052296,0.655276304,0.782953879,0.752413661,
60,X110,0.373904064,0.656953494,0.501998661,0.54729184,0.41292454,0.254555308,0.504298766,0.27174383,0.32545535,0.411477281,0.426060313,
61,X111,0.506834268,0.545217162,0.100697064,0.608367345,0.399025805,0.553719923,0.415738851,0.426094942,0.606917551,0.57173931,0.473435222,
62,X1114,0.087629212,0.047732551,0.346986201,0.167044537,0.176142592,0.127711724,0.083905071,0.095540378,0.007525201,0.293648069,0.143386553,
63,X1129,0.268043669,0.3971699,0.164612051,0.313546751,0.349965744,0.054389347,0.178771782,0.146958641,0.080350878,0.296904862,0.225071362,
64,X1133,0.386667355,0.388010881,0.295003242,0.346885327,0.452098793,0.215070169,0.368528104,0.458113569,0.362311583,0.559347838,0.383203686,
65,X1142,0.517779518,0.431898054,0.543764725,0.37320851,0.496188828,0.345552244,0.64176075,0.502323955,0.584160038,0.512766897,0.494940352,
66,X1143,0.506502779,0.438968342,0.193482807,0.342710004,0.463911775,0.404084934,0.347953005,0.38027211,0.438669838,0.556441738,0.407299733,
67,X1149,0.438234833,0.296648436,0.296932281,0.283358795,0.265346648,0.200877538,0.385701584,0.394724166,0.252437664,0.307441555,0.31217035,
68,X1158,0.457439631,0.403159665,0.437482976,0.437925321,0.533745264,0.314975838,0.532281599,0.377500919,0.411712267,0.38541803,0.429164151,
69,X1161,0.516076274,0.605528844,0.53127892,0.259156371,0.679181918,0.404249878,0.643880646,0.592648015,0.33386563,0.520056121,0.508592262,
70,X1164,0.53313812,0.624053586,0.404134892,0.363875204,0.544295367,0.570238196,0.447517799,0.512807957,0.459434604,0.473932839,0.493342856,
71,X1166,0.556405249,0.393281666,0.562496268,0.436834074,0.410044907,0.506043836,0.335191954,0.165109844,0.50080445,0.18651323,0.405272548,
72,X1170,0.468822705,0.458479546,0.544417446,0.447282998,0.490111046,0.378458678,0.479229738,0.509210981,0.386474271,0.463895492,0.46263829,
73,X1175,0.278854182,0.207837826,0.286554946,0.348099575,0.159704446,0.320070625,0.272070247,0.430057251,0.341107165,0.134000294,0.277835656,
74,X119,0.259095501,0.266827449,0.358968344,0.354078048,0.173158526,0.094497535,0.271930052,0.484417665,0.358044918,0.202715578,0.282373362,
75,X1192,0.322164811,0.175868677,0.378991011,0.408328056,0.370689045,0.49277961,0.307095789,0.303500998,0.235197857,0.315319061,0.330993492,
76,X1194,0.539241723,0.423219253,0.538269028,0.4910715,0.647617149,0.506878699,0.295784741,0.479033517,0.436641428,0.623825204,0.498158224,
77,X1199,0.405716198,0.539777245,0.557734531,0.591854099,0.501810235,0.460559951,0.492668581,0.678601204,0.686764422,0.58056066,0.549604713,
78,X1203,0.307994991,0.2640967,0.319470511,0.347638303,0.321523714,0.210658972,0.312074374,0.304857422,0.468539998,0.364031735,0.322088672,
79,X1218,0.267022051,0.313023837,0.364102003,0.325123105,0.285423996,0.282783868,0.048473014,0.285967388,0.330967182,0.284522503,0.278740895,
80,X1219,0.530084736,0.434040022,0.514577552,0.47858099,0.317802868,0.471450077,0.31172481,0.535349607,0.589724307,0.459675679,0.464301065,
81,X1230,0.470011566,0.335618353,0.309798197,0.280185135,0.43038195,0.501107259,0.414279292,0.059493591,0.360333936,0.402595908,0.356380519,
82,X1236,0.267952184,0.39720924,0.390885119,0.349714949,0.513078218,0.339293425,0.332634786,0.436384661,0.351588602,0.353036581,0.373177777,
83,X1239,0.461638122,0.553639067,0.380734726,0.346272726,0.37092617,0.452187922,0.374051502,0.398154752,0.313960723,0.301596367,0.395316208,
84,X1241,0.486493677,0.315271397,0.430368832,0.238677504,0.104009608,0.184727278,0.332864245,0.402491824,0.355703962,0.441264125,0.329187245,
85,X1242,0.353729706,0.465013167,0.474740212,0.470030338,0.363916988,0.484680351,0.508515079,0.438015209,0.268650242,0.454077355,0.428136865,
86,X1243,0.511712555,0.462718728,0.494819015,0.541986529,0.426870334,0.361522616,0.6555767,0.439065852,0.433910601,0.604384684,0.493256761,
87,X1248,0.193032197,0.185498472,0.260858034,0.246899597,0.313567359,0.274053067,0.367351213,0.202331984,0.096977252,0.309171976,0.244974115,
88,X1259,0.5833735,0.350849925,0.364366935,0.434121496,0.360522539,0.361245197,0.408008992,0.415657572,0.417279851,0.396544318,0.409197033,
89,X1261,0.144079957,0.089133229,0.171807872,0.223445169,0.197243976,0.310675594,0.179415111,0.127091184,0.312889312,0.067774587,0.182355599,
90,X1262,0.50837167,0.570971482,0.504063044,0.498267977,0.693652786,0.631596266,0.500583011,0.506961079,0.622011489,0.62225767,0.565873647,
91,X1264,0.618538329,0.634265308,0.422677321,0.570205331,0.464872115,0.521674851,0.501236114,0.425860604,0.542513056,0.494592614,0.519643564,
92,X1268,0.172055288,0.300532353,0.489327125,0.242445042,0.41850085,0.412292569,0.412061466,0.386974583,0.387257316,0.52899684,0.375044343,
93,X127,0.256922704,0.495373844,0.486052843,0.547265925,0.591293058,0.426202998,0.356798631,0.206419986,0.375405761,0.187945587,0.392968134,
94,X133,0.721899832,0.686748467,0.529386895,0.719016778,0.669258968,0.700707956,0.626516863,0.560816141,0.624719513,0.683583057,0.652265447,
95,X134,0.582088892,0.709923347,0.666241721,0.684241436,0.637651815,0.598230799,0.516766054,0.545640811,0.76980443,0.622109999,0.63326993,
96,X135,0.667202392,0.635437522,0.592975436,0.570773261,0.436576691,0.543775556,0.453991739,0.640254778,0.637156151,0.530912295,0.570905582,
97,X136,0.448819514,0.485491379,0.519152081,0.396457214,0.383065398,0.548807306,0.519913705,0.368838151,0.514125496,0.455386475,0.464005672,
98,X1371,0.418847133,0.282682804,0.413673075,0.348562859,0.329520317,0.271780622,0.166336439,0.508225981,0.342387905,0.332167615,0.341418475,
99,X1372,0.299355125,0.347651115,0.158952071,0.374388952,0.202906135,0.45558036,0.239127506,0.278107396,0.212714334,0.230090041,0.279887303,
100,X1373,0.232197833,0.255838641,0.237073908,0.350522548,0.239493068,0.332292534,0.177791866,0.164326798,0.337821475,0.16956235,0.249692102,
101,X1375,0.509586845,0.556179358,0.491269697,0.56363526,0.550696064,0.487907919,0.530434622,0.494981784,0.487940378,0.554015513,0.522664744,
102,X1377,0.052703925,0.181014797,0.0422763,0.077118112,0.210334681,0.222431511,0.178581488,0.087274225,0.292233501,0.183667895,0.152763643,
103,X1378,0.259905033,0.438161801,0.518581407,0.485040645,0.483613413,0.279342945,0.565315211,0.556207652,0.466165236,0.538741799,0.459107514,
104,X140,0.71586437,0.760013453,0.618240534,0.731945148,0.698387193,0.737445022,0.61136203,0.766016885,0.724723874,0.682791047,0.704678956,
105,X147,0.308765808,0.235028234,0.349830838,0.186544074,0.404504153,0.133340805,0.218667688,0.235628017,0.264494374,0.234126135,0.257093013,
106,X1494,0.537481588,0.543194269,0.520974315,0.408976388,0.392248727,0.46326447,0.453749929,0.472757708,0.532165161,0.486266477,0.481107903,
107,X1495,0.425678065,0.524386231,0.476300192,0.609448399,0.556733681,0.555785229,0.597665226,0.484367652,0.473216964,0.686285135,0.538986677,
108,X1498,0.309458385,0.285490685,0.235970828,0.286039759,0.32406933,0.323634025,0.211926846,0.41604973,0.098146852,0.287382498,0.277816894,
109,X150,0.342740514,0.557184628,0.289940123,0.423197944,0.323098826,0.358504086,0.550055,0.45958512,0.457041049,0.299345543,0.406069283,
110,X1502,0.188080203,0.267997684,0.287467447,0.117543945,0.459300794,0.211684821,0.261007599,0.135178894,0.460423432,0.021983163,0.241066798,
111,X151,0.519192403,0.61165677,0.601527109,0.426696771,0.617989837,0.596765468,0.562244394,0.685729235,0.443443214,0.62970709,0.569495229,
112,X152,0.58637916,0.639502185,0.737055498,0.705855791,0.58000924,0.670012153,0.611276652,0.736550745,0.771517042,0.577064234,0.66152227,
113,X1526,0.117580982,0.175934594,0.28016986,0.277648529,0.216042026,0.328845298,0.299001559,0.370120501,0.282736726,0.252436081,0.260051615,
114,X1527,0.190857747,0.343324276,0.218670867,0.384415077,0.47134473,0.261991628,0.364820079,0.290466965,0.504903999,0.391629401,0.342242477,
115,X1529,0.646764709,0.506611888,0.463813647,0.439906585,0.432896118,0.245237446,0.412577127,0.482400564,0.393988572,0.521986315,0.454618297,
116,X153,0.545261134,0.508976141,0.416051126,0.561052888,0.602558213,0.615095197,0.369652882,0.595770162,0.491327985,0.458271221,0.516401695,
117,X154,0.242332659,0.40017961,0.427117594,0.316663168,0.377963626,0.360686299,0.287059417,0.177689039,0.369891647,0.27552924,0.32351123,
118,X155,0.382621022,0.355703446,0.546316926,0.546726584,0.576441471,0.504469683,0.540066726,0.529319249,0.523313027,0.458449357,0.496342749,
119,X156,0.412421681,0.220729582,0.544678522,0.388545517,0.260811356,0.43487756,0.327214198,0.536712153,0.251743047,0.315034532,0.369276815,
120,X157,0.599438186,0.577820347,0.46855257,0.56664268,0.637468782,0.632755326,0.646506842,0.654994667,0.657454321,0.635257485,0.607689121,
121,X158,0.484186569,0.226346108,0.525543843,0.435247743,0.317794158,0.35605676,0.461707683,0.498069421,0.388553507,0.472879647,0.416638544,
122,X159,0.461673756,0.370760535,0.215989974,0.279020311,0.342854977,0.219415303,0.462849986,0.445923263,0.277265309,0.361433978,0.343718739,
123,X163,0.373829158,0.549077278,0.648082981,0.566452681,0.541659203,0.65239997,0.606000145,0.627987367,0.511151939,0.620581097,0.569722182,
124,X164,0.467680866,0.600138689,0.646002119,0.627852212,0.568425843,0.59765283,0.673925216,0.612417433,0.701577654,0.663358523,0.615903138,
125,X165,0.512929018,0.477569359,0.540197547,0.369913406,0.570008136,0.519731022,0.480866534,0.45642731,0.5102011,0.502556315,0.494039975,
126,X166,0.423306026,0.337815937,0.453171574,0.413450915,0.331699752,0.401960323,0.3839009,0.393663996,0.41843709,0.365184547,0.392259106,
127,X167,0.624194215,0.704169778,0.699247908,0.673870467,0.601655996,0.526933879,0.592594828,0.576006475,0.558233276,0.674313283,0.623122011,
128,X17,0.472269034,0.561458171,0.59674652,0.374241778,0.358177586,0.539143185,0.43987201,0.560450477,0.75487467,0.335090659,0.499232409,
129,X170,0.46989669,0.434016444,0.40399102,0.333014686,0.287742865,0.436986089,0.391521968,0.359656312,0.283343895,0.38687552,0.378704549,
130,X171,0.369503733,0.620022323,0.345897574,0.365286457,0.298712921,0.292631338,0.256001071,0.591787921,0.387948194,0.456004871,0.39837964,
131,X172,0.550386606,0.434692191,0.449401622,0.411091019,0.39320607,0.594853524,0.39227651,0.386532286,0.325718637,0.498822714,0.443698118,
132,X173,0.32124542,0.22087732,0.072075639,0.25993337,0.261415017,0.293860445,0.286103395,0.22925588,0.318431506,0.223498391,0.248669638,
133,X175,0.654383033,0.54329588,0.541108471,0.510554603,0.350817864,0.544070592,0.374283488,0.415024647,0.573905014,0.523215879,0.503065947,
134,X176,0.522944802,0.526315698,0.367210639,0.573127008,0.550525928,0.455551216,0.612318821,0.666668471,0.469327075,0.512846081,0.525683574,
135,X177,0.607244285,0.671652202,0.640763937,0.549412747,0.579536457,0.636302668,0.475201467,0.652410563,0.704092732,0.713801312,0.623041837,
136,X178,0.649918221,0.712734695,0.714992459,0.670269268,0.68463018,0.680914044,0.646265299,0.736117532,0.708700207,0.605285843,0.680982775,
137,X179,0.600464568,0.56355135,0.65773519,0.694968689,0.606208092,0.704282683,0.708511022,0.662862147,0.667181199,0.725467512,0.659123245,
138,X180,0.47129065,0.430910316,0.547091338,0.491209039,0.513601801,0.501305831,0.309775648,0.414497573,0.459464109,0.511255032,0.465040134,
139,X182,0.469821461,0.540735436,0.444916143,0.560828009,0.564701035,0.541046877,0.492443239,0.548344576,0.509259191,0.4066076,0.507870357,
140,X184,0.408482595,0.378379315,0.345134404,0.292369933,0.434913929,0.456941819,0.394284822,0.456281786,0.246964597,0.292947726,0.370670093,
141,X185,0.268481871,0.163752837,0.272222805,0.279335345,0.321712997,0.386178351,0.365326361,0.45700779,0.323149304,0.316363979,0.315353164,
142,X186,0.269188325,0.440835687,0.611045956,0.415226138,0.342980155,0.346733992,0.518500928,0.348302768,0.371174922,0.378354871,0.404234374,
143,X190,0.496931113,0.484821195,0.410343411,0.59455587,0.636461471,0.332880911,0.460079642,0.31677803,0.633588116,0.602242333,0.496868209,
144,X192,0.224545581,0.098319755,0.337738109,0.293957488,0.445264002,0.438121665,0.335521753,0.379325989,0.163235434,0.439651617,0.315568139,
145,X193,0.470432123,0.545597524,0.434835344,0.401439666,0.359255221,0.568279776,0.478569024,0.484977409,0.539714703,0.524032156,0.480713295,
146,X194,0.648156164,0.495552606,0.530341062,0.591088552,0.440838037,0.713802686,0.446573295,0.586041701,0.69002689,0.611972322,0.575439332,
147,X196,0.13483705,0.383898066,0.283789018,0.268958029,0.274557844,0.403969586,0.254444532,0.315750707,0.234284157,0.293291198,0.284778019,
148,X197,0.467783061,0.192684123,0.378467504,0.328753075,0.315981368,0.205955406,0.277275591,0.132472378,0.352664746,0.259770959,0.291180821,
149,X199,0.40920585,0.417915772,0.128470313,0.298136937,0.153206179,0.312740284,0.323113547,0.184550653,0.278130915,0.44027597,0.294574642,
150,X200,0.525930713,0.554382931,0.580190853,0.465306404,0.545113861,0.534623723,0.578527229,0.501751824,0.417789281,0.591699473,0.529531629,
151,X201,0.534123288,0.625672243,0.536538671,0.54302305,0.519942661,0.582958021,0.497923112,0.425946324,0.560921482,0.615222446,0.54422713,
152,X202,0.569890699,0.371174892,0.333069249,0.373339411,0.295817638,0.409346123,0.512697345,0.492399145,0.253578494,0.406040426,0.401735342,
153,X203,0.733974707,0.711608797,0.730863249,0.74113799,0.730215238,0.715075794,0.618863778,0.749704943,0.580621601,0.756632439,0.706869854,
154,X204,0.693070052,0.594117903,0.631786767,0.687417176,0.666304032,0.628917101,0.599491192,0.724998431,0.598509891,0.710943092,0.653555564,
155,X205,0.755590675,0.570483932,0.505680912,0.549072553,0.71793456,0.664770376,0.580963905,0.520374796,0.61442725,0.633806753,0.611310571,
156,X206,0.669423909,0.637247021,0.476167663,0.444784433,0.505587028,0.413599054,0.655950507,0.364562164,0.683480118,0.538909223,0.538971112,
157,X207,0.5013585,0.67513916,0.597607861,0.491987117,0.669451144,0.602246681,0.605035265,0.453250116,0.615949935,0.547775227,0.575980101,
158,X208,0.787404406,0.74679463,0.674069839,0.762132091,0.736099816,0.747127632,0.665578106,0.816944105,0.700678202,0.747080768,0.738390959,
159,X211,0.645831329,0.737212617,0.542220838,0.622987169,0.634205429,0.522480401,0.62041057,0.702230281,0.719396351,0.73641892,0.64833939,
160,X219,0.532565406,0.494584163,0.465936756,0.34664856,0.636382582,0.533206174,0.53026051,0.6366716,0.533300599,0.608272445,0.531782879,
161,X221,0.764061394,0.70722803,0.705720101,0.668070226,0.718855121,0.735185457,0.744407653,0.769848127,0.731530125,0.683229757,0.722813599,
162,X222,0.81996697,0.761554286,0.737509473,0.609333664,0.675769521,0.733619169,0.718511688,0.735134623,0.706603656,0.737064843,0.723506789,
163,X223,0.690273808,0.511268825,0.737791881,0.589458594,0.631823619,0.554450141,0.618631933,0.507902086,0.625784007,0.61789199,0.608527688,
164,X224,0.414027511,0.385976843,0.447160326,0.376988435,0.386001921,0.539989174,0.375781742,0.48935109,0.430844634,0.382873618,0.422899529,
165,X225,0.681617762,0.807779231,0.778065198,0.819343226,0.763343715,0.655359074,0.723677112,0.765005512,0.774410309,0.674745902,0.744334704,
166,X226,0.434990335,0.268492731,0.34782051,0.420403027,0.440671156,0.309010485,0.456252901,0.374049385,0.341890357,0.180636803,0.357421769,
167,X228,0.768122102,0.615186884,0.694278505,0.717058467,0.676039146,0.619310206,0.718239307,0.607889574,0.701084535,0.599340954,0.671654968,
168,X229,0.513209212,0.537507739,0.522485159,0.609401567,0.617726528,0.48082362,0.47751038,0.567664674,0.564390112,0.614349393,0.550506838,
169,X230,0.692624196,0.533310648,0.660525186,0.640418934,0.341272435,0.544914731,0.614959312,0.530806238,0.466251756,0.674518399,0.569960184,
170,X231,0.229292106,0.210888282,0.429162795,0.359291992,0.338976668,0.419990658,0.311727838,0.290064209,0.309516657,0.442159979,0.334107118,
171,X235,0.513052929,0.596889669,0.610705922,0.639997109,0.633766516,0.520908185,0.586129414,0.673343706,0.692489162,0.59521283,0.606249544,
172,X238,0.628031698,0.632257548,0.573656448,0.582958359,0.607011515,0.657490514,0.489156664,0.592086755,0.620608417,0.641157123,0.602441504,
173,X245,0.302545187,0.4963008,0.31636456,0.306097987,0.40817744,0.46688674,0.42131115,0.562710603,0.390885145,0.478104497,0.414938411,
174,X249,0.749192019,0.633329545,0.766948271,0.729859872,0.718286131,0.703228129,0.793921759,0.674822815,0.747127994,0.715448149,0.723216468,
175,X252,0.679895084,0.773296089,0.688283925,0.798342522,0.755743391,0.663629425,0.661285616,0.621468008,0.684195397,0.729881631,0.705602109,
176,X253,0.789299933,0.792501128,0.644170773,0.742491294,0.736714324,0.779633608,0.757293708,0.790067718,0.809570304,0.809204236,0.765094703,
177,X254,0.520968998,0.629187246,0.626815864,0.532359545,0.506468234,0.660130322,0.540330358,0.562245466,0.545818222,0.569013812,0.569333807,
178,X255,0.530885429,0.354852592,0.38300895,0.413771633,0.586420333,0.37734542,0.646072306,0.480708985,0.49109894,0.600046974,0.486421156,
179,X256,0.813421776,0.800877881,0.765640507,0.8413425,0.752507586,0.752520408,0.754796004,0.860840104,0.78004576,0.792128634,0.791412116,
180,X257,0.812447859,0.82456026,0.800649236,0.829393585,0.883768189,0.808982198,0.768698536,0.864516419,0.839273253,0.810524614,0.824281415,
181,X258,0.716678835,0.395314678,0.616204188,0.663573067,0.702329508,0.597869432,0.595212411,0.572720309,0.558443928,0.586448726,0.600479508,
182,X260,0.877121577,0.880083874,0.894392028,0.815961268,0.854960817,0.821413402,0.866321379,0.760401295,0.850367576,0.863530877,0.848455409,
183,X261,0.812981072,0.877116865,0.892502564,0.820431887,0.844703651,0.831626974,0.836474781,0.901503272,0.820224276,0.872833532,0.851039887,
184,X262,0.630978592,0.599497138,0.648459053,0.636842412,0.576843817,0.620016444,0.621247658,0.568463707,0.463384813,0.495094976,0.586082861,
185,X263,0.721884338,0.69216883,0.804821416,0.768464377,0.721918597,0.773806036,0.716499151,0.647845885,0.685318757,0.610533521,0.714326091,
186,X265,0.706758641,0.637678986,0.705096427,0.694223226,0.733163551,0.721416483,0.643625124,0.647879885,0.618558315,0.646368424,0.675476906,
187,X266,0.585992139,0.615690502,0.63390968,0.627818262,0.696842359,0.436126676,0.760759508,0.689916801,0.588947099,0.770412876,0.64064159,
188,X268,0.408826754,0.309570111,0.23588267,0.328015583,0.470572896,0.304525117,0.321562205,0.199668656,0.472438885,0.302048735,0.335311161,
189,X269,0.447796564,0.358851397,0.411208476,0.429580036,0.288166949,0.451471052,0.385715971,0.437420231,0.41561356,0.398027749,0.402385198,
190,X271,0.58993462,0.604089809,0.72310017,0.515764032,0.741891471,0.607982897,0.667182227,0.725194136,0.523903708,0.503468824,0.620251189,
191,X272,0.45058582,0.606331345,0.592880348,0.572098707,0.513166451,0.607819814,0.644945675,0.558910223,0.578430115,0.46496745,0.559013595,
192,X273,0.709043325,0.553623341,0.690495706,0.656822233,0.637657307,0.600000476,0.670677095,0.4943371,0.657968872,0.640336621,0.631096208,
193,X274,0.614280044,0.499522459,0.492098428,0.481250123,0.562298449,0.443249056,0.480969163,0.453659409,0.591881577,0.552211028,0.517141974,
194,X275,0.746195475,0.731879287,0.598260952,0.660289214,0.705094229,0.76407795,0.628961707,0.693926647,0.746361275,0.723187599,0.699823433,
195,X276,0.402977044,0.408877982,0.386809444,0.271048546,0.459766247,0.362587747,0.501124503,0.384088191,0.41168597,0.464704119,0.405366979,
196,X277,0.52561431,0.496110321,0.560226007,0.654330046,0.402605785,0.585322431,0.460438546,0.483525808,0.656389305,0.487522963,0.531208552,
197,X279,0.869483357,0.897463228,0.859587369,0.881939946,0.864512062,0.8555182,0.868302439,0.86695021,0.87865733,0.854943895,0.869735804,
198,X281,0.514911413,0.500224857,0.385635319,0.500371639,0.611251334,0.589581907,0.545955746,0.554775625,0.591684473,0.49241787,0.528681018,
199,X282,0.497796522,0.596274432,0.707767919,0.502116812,0.634089366,0.489024149,0.55873096,0.41107839,0.412476762,0.509458776,0.531881409,
200,X283,0.744366233,0.660143666,0.717514781,0.712489227,0.708353681,0.699353965,0.656254864,0.695244585,0.72952419,0.746933734,0.707017893,
201,X286,0.776641591,0.813722874,0.815137544,0.757432975,0.821962602,0.763701099,0.77075568,0.790075907,0.762887958,0.762014709,0.783433294,
202,X287,0.754373824,0.491633926,0.752401702,0.675691586,0.720432293,0.656648857,0.707098158,0.695858624,0.666009023,0.650274317,0.677042231,
203,X288,0.586589943,0.595569117,0.573214698,0.68887447,0.644889138,0.518858313,0.558337392,0.585147067,0.606597086,0.575847878,0.59339251,
204,X29,0.207782465,0.566669153,0.211909978,0.411147859,0.449431933,0.467834503,0.416640367,0.394712668,0.343921568,0.259297002,0.37293475,
205,X290,0.778321184,0.75645859,0.755868507,0.707353561,0.745863871,0.772417894,0.7644747,0.718840349,0.766836003,0.762007253,0.752844191,
206,X291,0.634896339,0.766210687,0.693368161,0.677256078,0.695592048,0.789608095,0.684929929,0.760772944,0.773005601,0.727628789,0.720326867,
207,X292,0.654279773,0.661691094,0.672711404,0.702320919,0.731467799,0.662812522,0.591416615,0.632975109,0.659901768,0.556590411,0.652616741,
208,X293,0.384581532,0.442318108,0.240406091,0.28512036,0.081934608,0.376245731,0.357506379,0.457098206,0.385580868,0.250933041,0.326172492,
209,X294,0.418386544,0.574064683,0.647910693,0.602068696,0.507310072,0.460196089,0.474938471,0.52005281,0.60972194,0.476429978,0.529107998,
210,X295,0.834617217,0.768903818,0.807922601,0.833853909,0.790254918,0.86320843,0.784598545,0.776213454,0.815108713,0.789439102,0.806412071,
211,X298,0.630009298,0.773664528,0.787897281,0.652341927,0.634475378,0.690835531,0.701749046,0.579775167,0.706188586,0.617847449,0.677478419,
212,X299,0.511257748,0.593680134,0.596919262,0.59772363,0.602461989,0.537617284,0.490723351,0.638914795,0.445260903,0.598420842,0.561297994,
213,X3,0.444706054,0.46500881,0.556160052,0.066292506,0.233251703,0.482212276,0.191960871,0.318902006,0.342051789,0.501074033,0.36016201,
214,X30,0.510400716,0.420774343,0.708658669,0.474521468,0.513607996,0.506649589,0.303778368,0.558666202,0.401423293,0.650922976,0.504940362,
215,X300,0.724535194,0.701301254,0.610814375,0.652265179,0.772252263,0.76276107,0.75720763,0.652287706,0.673009017,0.721862442,0.702829613,
216,X301,0.821053274,0.794619594,0.832304639,0.790997562,0.849591978,0.848560665,0.812450668,0.81655134,0.827638234,0.804697868,0.819846582,
217,X302,0.320181985,0.370974901,0.488895114,0.578862055,0.418686315,0.440927735,0.580906384,0.42564293,0.576987434,0.503970858,0.470603571,
218,X303,0.809549607,0.83074056,0.807851008,0.842543331,0.875428621,0.891406047,0.812888266,0.823856992,0.843033328,0.85185307,0.838915083,
219,X304,0.317075111,0.397893247,0.54144609,0.438419932,0.520675918,0.469472572,0.417883904,0.402985166,0.57589462,0.575704653,0.465745121,
220,X305,0.881848979,0.769564485,0.87689255,0.891524899,0.881995181,0.889176931,0.821576054,0.861920801,0.86648363,0.793134613,0.853411812,
221,X306,0.759665677,0.774491012,0.716989971,0.766837408,0.736941696,0.809603022,0.785133547,0.789078449,0.787816037,0.868124196,0.779468101,
222,X308,0.617672012,0.72049346,0.602574718,0.709476623,0.549695208,0.550249387,0.518916561,0.606668707,0.523349362,0.55724446,0.59563405,
223,X309,0.79458486,0.67464991,0.722802645,0.723848385,0.796062146,0.68660342,0.782229827,0.705986225,0.748403845,0.779292146,0.741446341,
224,X310,0.764431422,0.793902073,0.798435453,0.875532344,0.717112825,0.805321584,0.850849736,0.796857782,0.806658279,0.813633875,0.802273537,
225,X312,0.560553838,0.588536667,0.541581264,0.599447961,0.653887857,0.556077188,0.599362837,0.570105933,0.650862815,0.63576459,0.595618095,
226,X32,0.639501382,0.776780551,0.700993246,0.768947558,0.665924805,0.531052422,0.728102135,0.61923559,0.760340657,0.690279989,0.688115833,
227,X326,0.611151387,0.651551922,0.532494848,0.649341712,0.631769219,0.653365563,0.589281303,0.563931881,0.589456134,0.474802412,0.594714638,
228,X328,0.714115683,0.752206848,0.666838336,0.733465609,0.667531742,0.679334593,0.701896357,0.665366433,0.620095026,0.729329946,0.693018057,
229,X329,0.833644777,0.816622237,0.83000116,0.790703562,0.859851064,0.822465016,0.775153562,0.846706548,0.75390322,0.741701667,0.807075281,
230,X330,0.717706979,0.625257819,0.660173462,0.63635468,0.658087783,0.708146133,0.76314368,0.766281385,0.759660517,0.683940592,0.697875303,
231,X331,0.615849235,0.702084141,0.639371108,0.669847663,0.598291947,0.589721405,0.649792072,0.679508191,0.637492883,0.660196698,0.644215534,
232,X332,0.758157384,0.715541394,0.669981164,0.750445943,0.770212651,0.763766302,0.717548378,0.824251765,0.696441345,0.699979096,0.736632542,
233,X333,0.644298416,0.58689209,0.668584347,0.59053778,0.639839994,0.717049324,0.713735297,0.55101284,0.540239069,0.500335616,0.615252477,
234,X34,0.289899666,0.472100492,0.488994799,0.525989818,0.440398555,0.694942498,0.341026275,0.544724253,0.389638469,0.470669554,0.465838438,
235,X341,0.70606366,0.547483506,0.631524061,0.603980119,0.514590197,0.650325317,0.404191549,0.609863589,0.473332691,0.519909361,0.566126405,
236,X344,0.633968588,0.576939539,0.542007993,0.460974024,0.556483523,0.422646464,0.67652989,0.45669806,0.433605601,0.517776612,0.52776303,
237,X345,0.737406167,0.689243404,0.819911469,0.607395106,0.688720832,0.74638187,0.718574621,0.667089574,0.675904007,0.725886351,0.70765134,
238,X346,0.698399449,0.484371129,0.621706298,0.601669756,0.583170362,0.567392425,0.590481043,0.564772016,0.659210824,0.676830144,0.604800345,
239,X35,0.668293501,0.455923678,0.700120317,0.549966928,0.577662752,0.581384174,0.577440525,0.484712749,0.413991326,0.376585371,0.538608132,
240,X37,0.623824395,0.696617547,0.314383373,0.719777331,0.169686575,0.71611414,0.712891164,0.462507932,0.720219618,0.672892443,0.580891452,
241,X38,0.447587202,0.387973107,0.608498508,0.358501799,0.374732526,0.54742821,0.569283983,0.588878437,0.669163953,0.644320457,0.519636818,
242,X41,0.577296651,0.633973373,0.585908061,0.109515859,0.544578344,0.566205536,0.312252829,0.349881467,0.480522957,0.381612799,0.454174788,
243,X45,0.466917969,0.71714879,0.785603962,0.615317176,0.638440778,0.766222868,0.76583336,0.602050229,0.775533115,0.821315884,0.695438413,
244,X5,0.682830134,0.652301565,0.561490294,0.65840863,0.629040752,0.772012034,0.732854646,0.686328674,0.753635621,0.595500825,0.672440318,
245,X51,0.359011527,0.564365483,0.352613812,0.434804326,0.410098199,0.45513447,0.602292221,0.337481014,0.40799513,0.598240187,0.452203637,
246,X52,0.363284349,0.385823224,0.609673397,0.385706302,0.585101537,0.556192783,0.516780477,0.526655708,0.15312007,0.299754951,0.43820928,
247,X53,0.787338515,0.887885449,0.814236502,0.824613744,0.900028538,0.546268489,0.757904289,0.692756068,0.871661592,0.647454936,0.773014812,
248,X54,0.658393564,0.679225776,0.700749254,0.603211607,0.576972266,0.659185151,0.629142469,0.743819655,0.524766285,0.669978355,0.644544438,
249,X55,0.539022795,0.579842876,0.492780915,0.553140903,0.469981044,0.474811518,0.650225107,0.618230632,0.55286463,0.3466575,0.527755792,
250,X56,0.415947726,0.273836865,0.231922674,0.40182947,0.335229066,0.65095031,0.240905829,0.289305943,0.433812189,0.271975716,0.354571579,
251,X59,0.592984998,0.669558764,0.551527078,0.624803634,0.433029037,0.652590584,0.51083787,0.638798424,0.634135618,0.514813374,0.582307938,
252,X6,0.137102424,0.597222347,0.430852916,0.483655312,0.424771644,0.393825759,0.590042341,0.156307818,0.118083845,0.514480111,0.384634452,
253,X60,0.709288344,0.733493921,0.703896326,0.623524549,0.765642321,0.544537184,0.773792645,0.683332079,0.76147739,0.749036722,0.704802148,
254,X62,0.554352079,0.42358717,0.609825851,0.570686923,0.466538307,0.636618688,0.705831184,0.686281328,0.471808284,0.489076837,0.561460665,
255,X63,0.683554264,0.644931203,0.718117795,0.711406994,0.482856269,0.802146817,0.711575325,0.654404301,0.685850986,0.680238361,0.677508231,
256,X64,0.628647135,0.665719487,0.643300947,0.736090316,0.440216493,0.712383747,0.61674885,0.664878895,0.629413795,0.704837214,0.644223688,
257,X71,0.441554755,0.50857391,0.402422306,0.644669494,0.346479228,0.520271269,0.318919433,0.522686623,0.400454655,0.506164316,0.461219599,
258,X83,0.468931734,0.642923257,0.610309168,0.6186905,0.504650607,0.586959314,0.525577323,0.68138108,0.692206029,0.535672679,0.586730169,
259,X86,0.789630639,0.514163427,0.716062911,0.69554775,0.875171345,0.767131207,0.707617469,0.731481628,0.713947334,0.662738394,0.71734921,
260,X87,0.787907944,0.670894275,0.678750318,0.757547835,0.799722821,0.739653022,0.664235614,0.822147909,0.836784161,0.739404813,0.749704871,
261,X88,0.497620246,0.613785173,0.397664905,0.434792292,0.359864019,0.336720963,0.23460147,0.480368277,0.579692678,0.228436575,0.41635466,
262,X89,0.747849127,0.658348767,0.665166351,0.644809931,0.252721022,0.39428245,0.564502596,0.481170385,0.414416723,0.522493142,0.534576049,
263,X9,0.603231888,0.413128063,0.498307933,0.572930236,0.714825914,0.579521898,0.207417545,0.469284202,0.37117115,0.368962784,0.479878161,
264,X91,0.264981448,0.504346533,0.302010887,0.255788273,0.423341918,0.615187471,0.294628041,0.382343545,0.409815999,0.343540192,0.379598431,
265,X94,0.354173254,0.375841185,0.23063381,0.557536645,0.374057601,0.41732447,0.364757392,0.396920085,0.416253003,0.407496763,0.389499421,
